group	id	priority
#campaign_group_members_tables;1;db/campaign_group_members_tables/derpy_iron_court		
derpy_ic_event_plot_ok_group	derpy_ic_event_plot_ok	0.0
derpy_ic_event_plot_fail_group	derpy_ic_event_plot_fail	0.0
derpy_ic_event_office_lost_group	derpy_ic_event_office_lost	0.0
derpy_ic_event_party_joined_group	derpy_ic_event_party_joined	0.0
derpy_ic_event_secede_warn_group	derpy_ic_event_secede_warn	0.0
derpy_ic_event_snub_group	derpy_ic_event_snub	0.0
derpy_ic_event_secede_done_group	derpy_ic_event_secede_done	0.0
derpy_ic_event_loyalty_warn_group	derpy_ic_event_loyalty_warn	0.0
derpy_ic_event_splinter_group	derpy_ic_event_splinter	0.0
derpy_ic_event_secede_soon_group	derpy_ic_event_secede_soon	0.0
derpy_ic_event_splinter_warn_group	derpy_ic_event_splinter_warn	0.0
derpy_ic_event_dissolved_group	derpy_ic_event_dissolved	0.0
derpy_ic_event_party_plot_warn_group	derpy_ic_event_party_plot_warn	0.0
derpy_ic_event_party_plot_ok_group	derpy_ic_event_party_plot_ok	0.0
derpy_ic_event_party_plot_fail_group	derpy_ic_event_party_plot_fail	0.0
derpy_ic_event_party_plot_dropped_group	derpy_ic_event_party_plot_dropped	0.0
derpy_ic_event_party_feud_group	derpy_ic_event_party_feud	0.0
derpy_ic_event_party_feud_end_group	derpy_ic_event_party_feud_end	0.0
derpy_ic_event_party_feud_murder_group	derpy_ic_event_party_feud_murder	0.0
derpy_ic_event_party_demand_group	derpy_ic_event_party_demand	0.0
derpy_ic_event_party_demand_refused_group	derpy_ic_event_party_demand_refused	0.0
derpy_ic_event_party_offer_group	derpy_ic_event_party_offer	0.0
derpy_ic_event_term_soon_group	derpy_ic_event_term_soon	0.0
derpy_ic_event_party_sabotage_group	derpy_ic_event_party_sabotage	0.0
derpy_ic_event_party_withhold_group	derpy_ic_event_party_withhold	0.0
derpy_ic_event_realm_secede_group	derpy_ic_event_realm_secede	0.0
derpy_ic_event_officer_died_group	derpy_ic_event_officer_died	0.0
derpy_ic_event_threat_over_group	derpy_ic_event_threat_over	0.0
derpy_ic_event_stall_end_group	derpy_ic_event_stall_end	0.0
derpy_ic_event_gov_changed_group	derpy_ic_event_gov_changed	0.0
derpy_ic_event_gov_pressure_group	derpy_ic_event_gov_pressure	0.0
derpy_ic_event_gov_intro_group	derpy_ic_event_gov_intro	0.0
derpy_ic_event_party_drawn_group	derpy_ic_event_party_drawn	0.0
derpy_ic_event_law_proposed_group	derpy_ic_event_law_proposed	0.0
derpy_ic_event_law_passed_group	derpy_ic_event_law_passed	0.0
derpy_ic_event_law_failed_group	derpy_ic_event_law_failed	0.0
