member	value
#campaign_group_member_criteria_values_tables;0;db/campaign_group_member_criteria_values_tables/derpy_iron_court	
derpy_ic_event_plot_ok	2600
derpy_ic_event_plot_ok_dwf	2800
derpy_ic_event_plot_fail	2601
derpy_ic_event_plot_fail_dwf	2801
derpy_ic_event_office_lost	2602
derpy_ic_event_office_lost_dwf	2802
derpy_ic_event_party_joined	2603
derpy_ic_event_party_joined_dwf	2803
derpy_ic_event_secede_warn	2604
derpy_ic_event_secede_warn_dwf	2804
derpy_ic_event_snub	2605
derpy_ic_event_snub_dwf	2805
derpy_ic_event_secede_done	2606
derpy_ic_event_secede_done_dwf	2806
derpy_ic_event_loyalty_warn	2607
derpy_ic_event_loyalty_warn_dwf	2807
derpy_ic_event_splinter	2608
derpy_ic_event_splinter_dwf	2808
derpy_ic_event_secede_soon	2609
derpy_ic_event_secede_soon_dwf	2809
derpy_ic_event_splinter_warn	2610
derpy_ic_event_splinter_warn_dwf	2810
derpy_ic_event_dissolved	2611
derpy_ic_event_dissolved_dwf	2811
derpy_ic_event_party_plot_warn	2612
derpy_ic_event_party_plot_warn_dwf	2812
derpy_ic_event_party_plot_ok	2613
derpy_ic_event_party_plot_ok_dwf	2813
derpy_ic_event_party_plot_fail	2614
derpy_ic_event_party_plot_fail_dwf	2814
derpy_ic_event_party_plot_dropped	2615
derpy_ic_event_party_plot_dropped_dwf	2815
derpy_ic_event_party_feud	2616
derpy_ic_event_party_feud_dwf	2816
derpy_ic_event_party_feud_end	2617
derpy_ic_event_party_feud_end_dwf	2817
derpy_ic_event_party_feud_murder	2618
derpy_ic_event_party_feud_murder_dwf	2818
derpy_ic_event_party_demand	2619
derpy_ic_event_party_demand_dwf	2819
derpy_ic_event_party_demand_refused	2620
derpy_ic_event_party_demand_refused_dwf	2820
derpy_ic_event_party_offer	2621
derpy_ic_event_party_offer_dwf	2821
derpy_ic_event_term_soon	2622
derpy_ic_event_term_soon_dwf	2822
derpy_ic_event_party_sabotage	2623
derpy_ic_event_party_sabotage_dwf	2823
derpy_ic_event_party_withhold	2624
derpy_ic_event_party_withhold_dwf	2824
derpy_ic_event_realm_secede	2625
derpy_ic_event_realm_secede_dwf	2825
derpy_ic_event_officer_died	2626
derpy_ic_event_officer_died_dwf	2826
derpy_ic_event_threat_over	2627
derpy_ic_event_threat_over_dwf	2827
derpy_ic_event_stall_end	2628
derpy_ic_event_stall_end_dwf	2828
derpy_ic_event_gov_changed	2629
derpy_ic_event_gov_changed_dwf	2829
derpy_ic_event_gov_pressure	2630
derpy_ic_event_gov_pressure_dwf	2830
derpy_ic_event_gov_intro	2631
derpy_ic_event_gov_intro_dwf	2831
derpy_ic_event_party_drawn	2632
derpy_ic_event_party_drawn_dwf	2832
derpy_ic_event_law_proposed	2633
derpy_ic_event_law_proposed_dwf	2833
derpy_ic_event_law_passed	2634
derpy_ic_event_law_passed_dwf	2834
derpy_ic_event_law_failed	2635
derpy_ic_event_law_failed_dwf	2835
