key	level	trait	threshold_points
#character_trait_levels_tables;0;db/character_trait_levels_tables/derpy_iron_court			
derpy_ic_standing_0	1	derpy_ic_standing_0	1
derpy_ic_standing_1	1	derpy_ic_standing_1	1
derpy_ic_standing_2	1	derpy_ic_standing_2	1
derpy_ic_standing_3	1	derpy_ic_standing_3	1
derpy_ic_standing_4	1	derpy_ic_standing_4	1
derpy_ic_ambition_cautious	1	derpy_ic_ambition_cautious	1
derpy_ic_ambition_steady	1	derpy_ic_ambition_steady	1
derpy_ic_ambition_ambitious	1	derpy_ic_ambition_ambitious	1
derpy_ic_house_khorakk	1	derpy_ic_house_khorakk	1
derpy_ic_house_uzkulak	1	derpy_ic_house_uzkulak	1
derpy_ic_house_artificers	1	derpy_ic_house_artificers	1
derpy_ic_house_fists	1	derpy_ic_house_fists	1
derpy_ic_house_horns	1	derpy_ic_house_horns	1
derpy_ic_house_baal	1	derpy_ic_house_baal	1
derpy_ic_house_azeros	1	derpy_ic_house_azeros	1
derpy_ic_house_bzaark	1	derpy_ic_house_bzaark	1
derpy_ic_house_blackdwarf	1	derpy_ic_house_blackdwarf	1
derpy_ic_house_kraken	1	derpy_ic_house_kraken	1
derpy_ic_house_conclave	1	derpy_ic_house_conclave	1
derpy_ic_house_astragoth	1	derpy_ic_house_astragoth	1
derpy_ic_house_azgorh	1	derpy_ic_house_azgorh	1
derpy_ic_house_zhatan	1	derpy_ic_house_zhatan	1
derpy_ic_house_skullstack	1	derpy_ic_house_skullstack	1
derpy_ic_house_zharrduk	1	derpy_ic_house_zharrduk	1
derpy_ic_house_zharr	1	derpy_ic_house_zharr	1
derpy_ic_house_plain	1	derpy_ic_house_plain	1
derpy_ic_house_gorgoth	1	derpy_ic_house_gorgoth	1
derpy_ic_house_stump	1	derpy_ic_house_stump	1
derpy_ic_house_zornuzkul	1	derpy_ic_house_zornuzkul	1
derpy_ic_house_gash	1	derpy_ic_house_gash	1
derpy_ic_house_mines	1	derpy_ic_house_mines	1
derpy_ic_house_wastes	1	derpy_ic_house_wastes	1
derpy_ic_bg_household	1	derpy_ic_bg_household	1
derpy_ic_bg_blood	1	derpy_ic_bg_blood	1
derpy_ic_bg_sworn	1	derpy_ic_bg_sworn	1
derpy_ic_bg_acolyte	1	derpy_ic_bg_acolyte	1
derpy_ic_bg_ashpriest	1	derpy_ic_bg_ashpriest	1
derpy_ic_bg_taurukh	1	derpy_ic_bg_taurukh	1
derpy_ic_bg_daemonsmith	1	derpy_ic_bg_daemonsmith	1
derpy_ic_bg_gunnery	1	derpy_ic_bg_gunnery	1
derpy_ic_bg_furnace	1	derpy_ic_bg_furnace	1
derpy_ic_bg_overseer	1	derpy_ic_bg_overseer	1
derpy_ic_bg_driver	1	derpy_ic_bg_driver	1
derpy_ic_bg_wrangler	1	derpy_ic_bg_wrangler	1
derpy_ic_bg_immortal	1	derpy_ic_bg_immortal	1
derpy_ic_bg_infernal	1	derpy_ic_bg_infernal	1
derpy_ic_bg_siege	1	derpy_ic_bg_siege	1
derpy_ic_bg_broker	1	derpy_ic_bg_broker	1
derpy_ic_bg_tribute	1	derpy_ic_bg_tribute	1
derpy_ic_bg_harbour	1	derpy_ic_bg_harbour	1
derpy_ic_bg_apprentice	1	derpy_ic_bg_apprentice	1
derpy_ic_bg_clerk	1	derpy_ic_bg_clerk	1
derpy_ic_bg_omens	1	derpy_ic_bg_omens	1
derpy_ic_bg_caravan	1	derpy_ic_bg_caravan	1
derpy_ic_bg_roadwarden	1	derpy_ic_bg_roadwarden	1
derpy_ic_bg_pathfinder	1	derpy_ic_bg_pathfinder	1
derpy_ic_bg_ashfarmer	1	derpy_ic_bg_ashfarmer	1
derpy_ic_bg_kiln	1	derpy_ic_bg_kiln	1
derpy_ic_bg_elder	1	derpy_ic_bg_elder	1
derpy_ic_member_crown	1	derpy_ic_member_crown	1
derpy_ic_member_khorakk	1	derpy_ic_member_khorakk	1
derpy_ic_member_uzkulak	1	derpy_ic_member_uzkulak	1
derpy_ic_member_artificers	1	derpy_ic_member_artificers	1
derpy_ic_member_fists	1	derpy_ic_member_fists	1
derpy_ic_member_horns	1	derpy_ic_member_horns	1
derpy_ic_member_baal	1	derpy_ic_member_baal	1
derpy_ic_member_azeros	1	derpy_ic_member_azeros	1
derpy_ic_member_bzaark	1	derpy_ic_member_bzaark	1
derpy_ic_member_blackdwarf	1	derpy_ic_member_blackdwarf	1
derpy_ic_member_kraken	1	derpy_ic_member_kraken	1
derpy_ic_member_conclave	1	derpy_ic_member_conclave	1
derpy_ic_member_astragoth	1	derpy_ic_member_astragoth	1
derpy_ic_member_azgorh	1	derpy_ic_member_azgorh	1
derpy_ic_member_zhatan	1	derpy_ic_member_zhatan	1
derpy_ic_member_skullstack	1	derpy_ic_member_skullstack	1
derpy_ic_member_zharrduk	1	derpy_ic_member_zharrduk	1
derpy_ic_member_zharr	1	derpy_ic_member_zharr	1
derpy_ic_member_plain	1	derpy_ic_member_plain	1
derpy_ic_member_gorgoth	1	derpy_ic_member_gorgoth	1
derpy_ic_member_stump	1	derpy_ic_member_stump	1
derpy_ic_member_zornuzkul	1	derpy_ic_member_zornuzkul	1
derpy_ic_member_gash	1	derpy_ic_member_gash	1
derpy_ic_member_mines	1	derpy_ic_member_mines	1
derpy_ic_member_wastes	1	derpy_ic_member_wastes	1
derpy_ic_member_temple_1	1	derpy_ic_member_temple_1	1
derpy_ic_member_temple_2	1	derpy_ic_member_temple_2	1
derpy_ic_member_temple_3	1	derpy_ic_member_temple_3	1
derpy_ic_member_temple_4	1	derpy_ic_member_temple_4	1
derpy_ic_member_temple_5	1	derpy_ic_member_temple_5	1
derpy_ic_member_temple_6	1	derpy_ic_member_temple_6	1
derpy_ic_member_forge_1	1	derpy_ic_member_forge_1	1
derpy_ic_member_forge_2	1	derpy_ic_member_forge_2	1
derpy_ic_member_forge_3	1	derpy_ic_member_forge_3	1
derpy_ic_member_forge_4	1	derpy_ic_member_forge_4	1
derpy_ic_member_forge_5	1	derpy_ic_member_forge_5	1
derpy_ic_member_forge_6	1	derpy_ic_member_forge_6	1
derpy_ic_member_chain_1	1	derpy_ic_member_chain_1	1
derpy_ic_member_chain_2	1	derpy_ic_member_chain_2	1
derpy_ic_member_chain_3	1	derpy_ic_member_chain_3	1
derpy_ic_member_chain_4	1	derpy_ic_member_chain_4	1
derpy_ic_member_chain_5	1	derpy_ic_member_chain_5	1
derpy_ic_member_chain_6	1	derpy_ic_member_chain_6	1
derpy_ic_member_legion_1	1	derpy_ic_member_legion_1	1
derpy_ic_member_legion_2	1	derpy_ic_member_legion_2	1
derpy_ic_member_legion_3	1	derpy_ic_member_legion_3	1
derpy_ic_member_legion_4	1	derpy_ic_member_legion_4	1
derpy_ic_member_legion_5	1	derpy_ic_member_legion_5	1
derpy_ic_member_legion_6	1	derpy_ic_member_legion_6	1
derpy_ic_member_ledger_1	1	derpy_ic_member_ledger_1	1
derpy_ic_member_ledger_2	1	derpy_ic_member_ledger_2	1
derpy_ic_member_ledger_3	1	derpy_ic_member_ledger_3	1
derpy_ic_member_ledger_4	1	derpy_ic_member_ledger_4	1
derpy_ic_member_ledger_5	1	derpy_ic_member_ledger_5	1
derpy_ic_member_ledger_6	1	derpy_ic_member_ledger_6	1
derpy_ic_member_tower_1	1	derpy_ic_member_tower_1	1
derpy_ic_member_tower_2	1	derpy_ic_member_tower_2	1
derpy_ic_member_tower_3	1	derpy_ic_member_tower_3	1
derpy_ic_member_tower_4	1	derpy_ic_member_tower_4	1
derpy_ic_member_tower_5	1	derpy_ic_member_tower_5	1
derpy_ic_member_tower_6	1	derpy_ic_member_tower_6	1
derpy_ic_member_road_1	1	derpy_ic_member_road_1	1
derpy_ic_member_road_2	1	derpy_ic_member_road_2	1
derpy_ic_member_road_3	1	derpy_ic_member_road_3	1
derpy_ic_member_road_4	1	derpy_ic_member_road_4	1
derpy_ic_member_road_5	1	derpy_ic_member_road_5	1
derpy_ic_member_road_6	1	derpy_ic_member_road_6	1
derpy_ic_member_hearth_1	1	derpy_ic_member_hearth_1	1
derpy_ic_member_hearth_2	1	derpy_ic_member_hearth_2	1
derpy_ic_member_hearth_3	1	derpy_ic_member_hearth_3	1
derpy_ic_member_hearth_4	1	derpy_ic_member_hearth_4	1
derpy_ic_member_hearth_5	1	derpy_ic_member_hearth_5	1
derpy_ic_member_hearth_6	1	derpy_ic_member_hearth_6	1
derpy_ic_title_priest	1	derpy_ic_title_priest	1
derpy_ic_title_forge	1	derpy_ic_title_forge	1
derpy_ic_title_ledger	1	derpy_ic_title_ledger	1
derpy_ic_title_warden	1	derpy_ic_title_warden	1
derpy_ic_title_hand	1	derpy_ic_title_hand	1
derpy_ic_title_chains	1	derpy_ic_title_chains	1
derpy_ic_title_pits	1	derpy_ic_title_pits	1
derpy_ic_title_quarry	1	derpy_ic_title_quarry	1
derpy_ic_title_roads	1	derpy_ic_title_roads	1
derpy_ic_title_kilns	1	derpy_ic_title_kilns	1
derpy_ic_title_fields	1	derpy_ic_title_fields	1
derpy_ic_title_scribes	1	derpy_ic_title_scribes	1
derpy_ic_title_muster	1	derpy_ic_title_muster	1
derpy_ic_title_banners	1	derpy_ic_title_banners	1
derpy_ic_title_dwf_priest	1	derpy_ic_title_dwf_priest	1
derpy_ic_title_dwf_forge	1	derpy_ic_title_dwf_forge	1
derpy_ic_title_dwf_ledger	1	derpy_ic_title_dwf_ledger	1
derpy_ic_title_dwf_warden	1	derpy_ic_title_dwf_warden	1
derpy_ic_title_dwf_hand	1	derpy_ic_title_dwf_hand	1
derpy_ic_title_dwf_roads	1	derpy_ic_title_dwf_roads	1
derpy_ic_title_dwf_chains	1	derpy_ic_title_dwf_chains	1
derpy_ic_title_dwf_pits	1	derpy_ic_title_dwf_pits	1
derpy_ic_title_dwf_quarry	1	derpy_ic_title_dwf_quarry	1
derpy_ic_title_dwf_muster	1	derpy_ic_title_dwf_muster	1
derpy_ic_title_dwf_kilns	1	derpy_ic_title_dwf_kilns	1
derpy_ic_title_dwf_fields	1	derpy_ic_title_dwf_fields	1
derpy_ic_title_dwf_scribes	1	derpy_ic_title_dwf_scribes	1
derpy_ic_title_dwf_banners	1	derpy_ic_title_dwf_banners	1
derpy_ic_house_dwf_karaz	1	derpy_ic_house_dwf_karaz	1
derpy_ic_house_dwf_kadrin	1	derpy_ic_house_dwf_kadrin	1
derpy_ic_house_dwf_angrund	1	derpy_ic_house_dwf_angrund	1
derpy_ic_house_dwf_throng	1	derpy_ic_house_dwf_throng	1
derpy_ic_house_dwf_ironbrow	1	derpy_ic_house_dwf_ironbrow	1
derpy_ic_house_dwf_malakai	1	derpy_ic_house_dwf_malakai	1
derpy_ic_house_dwf_barakvarr	1	derpy_ic_house_dwf_barakvarr	1
derpy_ic_house_dwf_zhufbar	1	derpy_ic_house_dwf_zhufbar	1
derpy_ic_house_dwf_krakadrak	1	derpy_ic_house_dwf_krakadrak	1
derpy_ic_house_dwf_azorn	1	derpy_ic_house_dwf_azorn	1
derpy_ic_house_dwf_norn	1	derpy_ic_house_dwf_norn	1
derpy_ic_house_dwf_hirn	1	derpy_ic_house_dwf_hirn	1
derpy_ic_house_dwf_azul	1	derpy_ic_house_dwf_azul	1
derpy_ic_house_dwf_ziflin	1	derpy_ic_house_dwf_ziflin	1
derpy_ic_house_dwf_rangers	1	derpy_ic_house_dwf_rangers	1
derpy_ic_house_dwf_deeps	1	derpy_ic_house_dwf_deeps	1
derpy_ic_house_dwf_grey	1	derpy_ic_house_dwf_grey	1
derpy_ic_house_dwf_black	1	derpy_ic_house_dwf_black	1
derpy_ic_bg_dwf_kinguard	1	derpy_ic_bg_dwf_kinguard	1
derpy_ic_bg_dwf_lineblood	1	derpy_ic_bg_dwf_lineblood	1
derpy_ic_bg_dwf_oathsworn	1	derpy_ic_bg_dwf_oathsworn	1
derpy_ic_bg_dwf_shrinekeeper	1	derpy_ic_bg_dwf_shrinekeeper	1
derpy_ic_bg_dwf_valayan	1	derpy_ic_bg_dwf_valayan	1
derpy_ic_bg_dwf_tombwarden	1	derpy_ic_bg_dwf_tombwarden	1
derpy_ic_bg_dwf_smith	1	derpy_ic_bg_dwf_smith	1
derpy_ic_bg_dwf_engineer	1	derpy_ic_bg_dwf_engineer	1
derpy_ic_bg_dwf_foundry	1	derpy_ic_bg_dwf_foundry	1
derpy_ic_bg_dwf_miner	1	derpy_ic_bg_dwf_miner	1
derpy_ic_bg_dwf_prospector	1	derpy_ic_bg_dwf_prospector	1
derpy_ic_bg_dwf_tunneller	1	derpy_ic_bg_dwf_tunneller	1
derpy_ic_bg_dwf_longbeard	1	derpy_ic_bg_dwf_longbeard	1
derpy_ic_bg_dwf_ironbreaker	1	derpy_ic_bg_dwf_ironbreaker	1
derpy_ic_bg_dwf_thane	1	derpy_ic_bg_dwf_thane	1
derpy_ic_bg_dwf_reckoner	1	derpy_ic_bg_dwf_reckoner	1
derpy_ic_bg_dwf_trader	1	derpy_ic_bg_dwf_trader	1
derpy_ic_bg_dwf_goldsmith	1	derpy_ic_bg_dwf_goldsmith	1
derpy_ic_bg_dwf_runesmith	1	derpy_ic_bg_dwf_runesmith	1
derpy_ic_bg_dwf_loremaster	1	derpy_ic_bg_dwf_loremaster	1
derpy_ic_bg_dwf_scribe	1	derpy_ic_bg_dwf_scribe	1
derpy_ic_bg_dwf_ranger	1	derpy_ic_bg_dwf_ranger	1
derpy_ic_bg_dwf_wayfinder	1	derpy_ic_bg_dwf_wayfinder	1
derpy_ic_bg_dwf_underwarden	1	derpy_ic_bg_dwf_underwarden	1
derpy_ic_bg_dwf_farmer	1	derpy_ic_bg_dwf_farmer	1
derpy_ic_bg_dwf_brewer	1	derpy_ic_bg_dwf_brewer	1
derpy_ic_bg_dwf_clanelder	1	derpy_ic_bg_dwf_clanelder	1
derpy_ic_standing_dwf_0	1	derpy_ic_standing_dwf_0	1
derpy_ic_standing_dwf_1	1	derpy_ic_standing_dwf_1	1
derpy_ic_standing_dwf_2	1	derpy_ic_standing_dwf_2	1
derpy_ic_standing_dwf_3	1	derpy_ic_standing_dwf_3	1
derpy_ic_standing_dwf_4	1	derpy_ic_standing_dwf_4	1
derpy_ic_ambition_dwf_cautious	1	derpy_ic_ambition_dwf_cautious	1
derpy_ic_ambition_dwf_steady	1	derpy_ic_ambition_dwf_steady	1
derpy_ic_ambition_dwf_ambitious	1	derpy_ic_ambition_dwf_ambitious	1
derpy_ic_member_dwf_crown	1	derpy_ic_member_dwf_crown	1
derpy_ic_member_dwf_karaz	1	derpy_ic_member_dwf_karaz	1
derpy_ic_member_dwf_kadrin	1	derpy_ic_member_dwf_kadrin	1
derpy_ic_member_dwf_angrund	1	derpy_ic_member_dwf_angrund	1
derpy_ic_member_dwf_throng	1	derpy_ic_member_dwf_throng	1
derpy_ic_member_dwf_ironbrow	1	derpy_ic_member_dwf_ironbrow	1
derpy_ic_member_dwf_malakai	1	derpy_ic_member_dwf_malakai	1
derpy_ic_member_dwf_barakvarr	1	derpy_ic_member_dwf_barakvarr	1
derpy_ic_member_dwf_zhufbar	1	derpy_ic_member_dwf_zhufbar	1
derpy_ic_member_dwf_krakadrak	1	derpy_ic_member_dwf_krakadrak	1
derpy_ic_member_dwf_azorn	1	derpy_ic_member_dwf_azorn	1
derpy_ic_member_dwf_norn	1	derpy_ic_member_dwf_norn	1
derpy_ic_member_dwf_hirn	1	derpy_ic_member_dwf_hirn	1
derpy_ic_member_dwf_azul	1	derpy_ic_member_dwf_azul	1
derpy_ic_member_dwf_ziflin	1	derpy_ic_member_dwf_ziflin	1
derpy_ic_member_dwf_rangers	1	derpy_ic_member_dwf_rangers	1
derpy_ic_member_dwf_deeps	1	derpy_ic_member_dwf_deeps	1
derpy_ic_member_dwf_grey	1	derpy_ic_member_dwf_grey	1
derpy_ic_member_dwf_black	1	derpy_ic_member_dwf_black	1
derpy_ic_member_dwf_temple_1	1	derpy_ic_member_dwf_temple_1	1
derpy_ic_member_dwf_temple_2	1	derpy_ic_member_dwf_temple_2	1
derpy_ic_member_dwf_temple_3	1	derpy_ic_member_dwf_temple_3	1
derpy_ic_member_dwf_temple_4	1	derpy_ic_member_dwf_temple_4	1
derpy_ic_member_dwf_temple_5	1	derpy_ic_member_dwf_temple_5	1
derpy_ic_member_dwf_temple_6	1	derpy_ic_member_dwf_temple_6	1
derpy_ic_member_dwf_forge_1	1	derpy_ic_member_dwf_forge_1	1
derpy_ic_member_dwf_forge_2	1	derpy_ic_member_dwf_forge_2	1
derpy_ic_member_dwf_forge_3	1	derpy_ic_member_dwf_forge_3	1
derpy_ic_member_dwf_forge_4	1	derpy_ic_member_dwf_forge_4	1
derpy_ic_member_dwf_forge_5	1	derpy_ic_member_dwf_forge_5	1
derpy_ic_member_dwf_forge_6	1	derpy_ic_member_dwf_forge_6	1
derpy_ic_member_dwf_chain_1	1	derpy_ic_member_dwf_chain_1	1
derpy_ic_member_dwf_chain_2	1	derpy_ic_member_dwf_chain_2	1
derpy_ic_member_dwf_chain_3	1	derpy_ic_member_dwf_chain_3	1
derpy_ic_member_dwf_chain_4	1	derpy_ic_member_dwf_chain_4	1
derpy_ic_member_dwf_chain_5	1	derpy_ic_member_dwf_chain_5	1
derpy_ic_member_dwf_chain_6	1	derpy_ic_member_dwf_chain_6	1
derpy_ic_member_dwf_legion_1	1	derpy_ic_member_dwf_legion_1	1
derpy_ic_member_dwf_legion_2	1	derpy_ic_member_dwf_legion_2	1
derpy_ic_member_dwf_legion_3	1	derpy_ic_member_dwf_legion_3	1
derpy_ic_member_dwf_legion_4	1	derpy_ic_member_dwf_legion_4	1
derpy_ic_member_dwf_legion_5	1	derpy_ic_member_dwf_legion_5	1
derpy_ic_member_dwf_legion_6	1	derpy_ic_member_dwf_legion_6	1
derpy_ic_member_dwf_ledger_1	1	derpy_ic_member_dwf_ledger_1	1
derpy_ic_member_dwf_ledger_2	1	derpy_ic_member_dwf_ledger_2	1
derpy_ic_member_dwf_ledger_3	1	derpy_ic_member_dwf_ledger_3	1
derpy_ic_member_dwf_ledger_4	1	derpy_ic_member_dwf_ledger_4	1
derpy_ic_member_dwf_ledger_5	1	derpy_ic_member_dwf_ledger_5	1
derpy_ic_member_dwf_ledger_6	1	derpy_ic_member_dwf_ledger_6	1
derpy_ic_member_dwf_tower_1	1	derpy_ic_member_dwf_tower_1	1
derpy_ic_member_dwf_tower_2	1	derpy_ic_member_dwf_tower_2	1
derpy_ic_member_dwf_tower_3	1	derpy_ic_member_dwf_tower_3	1
derpy_ic_member_dwf_tower_4	1	derpy_ic_member_dwf_tower_4	1
derpy_ic_member_dwf_tower_5	1	derpy_ic_member_dwf_tower_5	1
derpy_ic_member_dwf_tower_6	1	derpy_ic_member_dwf_tower_6	1
derpy_ic_member_dwf_road_1	1	derpy_ic_member_dwf_road_1	1
derpy_ic_member_dwf_road_2	1	derpy_ic_member_dwf_road_2	1
derpy_ic_member_dwf_road_3	1	derpy_ic_member_dwf_road_3	1
derpy_ic_member_dwf_road_4	1	derpy_ic_member_dwf_road_4	1
derpy_ic_member_dwf_road_5	1	derpy_ic_member_dwf_road_5	1
derpy_ic_member_dwf_road_6	1	derpy_ic_member_dwf_road_6	1
derpy_ic_member_dwf_hearth_1	1	derpy_ic_member_dwf_hearth_1	1
derpy_ic_member_dwf_hearth_2	1	derpy_ic_member_dwf_hearth_2	1
derpy_ic_member_dwf_hearth_3	1	derpy_ic_member_dwf_hearth_3	1
derpy_ic_member_dwf_hearth_4	1	derpy_ic_member_dwf_hearth_4	1
derpy_ic_member_dwf_hearth_5	1	derpy_ic_member_dwf_hearth_5	1
derpy_ic_member_dwf_hearth_6	1	derpy_ic_member_dwf_hearth_6	1
