effect_bundle_key	effect_key	effect_scope	value	advancement_stage
#effect_bundles_to_effects_junctions_tables;3;db/effect_bundles_to_effects_junctions_tables/derpy_iron_court				
derpy_ic_office_priest	wh_main_effect_public_order_faction	faction_to_province_own	6.0	start_turn_completed
derpy_ic_office_priest	wh_main_effect_economy_gdp_mod_all	faction_to_region_own	12.0	start_turn_completed
derpy_ic_vacant_priest	wh_main_effect_public_order_faction	faction_to_province_own	-6.0	start_turn_completed
derpy_ic_office_forge	wh3_dlc23_pooled_resource_chd_armaments_modifier	faction_to_region_own	15.0	start_turn_completed
derpy_ic_office_forge	wh3_dlc23_pooled_resource_chd_raw_material_efficiency	faction_to_region_own	12.0	start_turn_completed
derpy_ic_vacant_forge	wh3_dlc23_pooled_resource_chd_armaments_modifier	faction_to_region_own	-6.0	start_turn_completed
derpy_ic_office_ledger	wh_main_effect_economy_gdp_mod_all	faction_to_region_own	12.0	start_turn_completed
derpy_ic_vacant_ledger	wh_main_effect_economy_gdp_mod_all	faction_to_region_own	-6.0	start_turn_completed
derpy_ic_office_warden	wh_main_effect_force_all_campaign_upkeep	faction_to_force_own	-10.0	start_turn_completed
derpy_ic_office_warden	wh_main_effect_force_all_campaign_replenishment_rate	faction_to_force_own	10.0	start_turn_completed
derpy_ic_vacant_warden	wh_main_effect_public_order_faction	faction_to_province_own	-4.0	start_turn_completed
derpy_ic_office_hand	wh_main_effect_technology_research_rate_mod	faction_to_faction_own	10.0	start_turn_completed
derpy_ic_vacant_hand	wh_main_effect_technology_research_rate_mod	faction_to_faction_own	-4.0	start_turn_completed
derpy_ic_office_chains	wh3_dlc23_pooled_resource_chd_workload_modifier	faction_to_province_own	-15.0	start_turn_completed
derpy_ic_vacant_chains	wh3_dlc23_pooled_resource_chd_workload_modifier	faction_to_province_own	6.0	start_turn_completed
derpy_ic_office_pits	wh3_dlc23_effect_force_chd_campaign_post_battle_labour	faction_to_force_own	24.0	start_turn_completed
derpy_ic_vacant_pits	wh3_dlc23_effect_force_chd_campaign_post_battle_labour	faction_to_force_own	-10.0	start_turn_completed
derpy_ic_office_quarry	wh3_dlc23_pooled_resource_chd_raw_material_efficiency	faction_to_region_own	9.0	start_turn_completed
derpy_ic_vacant_quarry	wh3_dlc23_pooled_resource_chd_raw_material_efficiency	faction_to_region_own	-4.0	start_turn_completed
derpy_ic_office_roads	wh_main_effect_force_all_campaign_movement_range	faction_to_force_own	6.0	start_turn_completed
derpy_ic_vacant_roads	wh_main_effect_force_all_campaign_movement_range	faction_to_force_own	-3.0	start_turn_completed
derpy_ic_office_kilns	wh_main_effect_building_construction_cost_mod_all	faction_to_region_own	-8.0	start_turn_completed
derpy_ic_vacant_kilns	wh_main_effect_building_construction_cost_mod_all	faction_to_region_own	4.0	start_turn_completed
derpy_ic_office_fields	wh3_dlc23_effect_upkeep_hobgoblins	faction_to_force_own	-15.0	start_turn_completed
derpy_ic_vacant_fields	wh3_dlc23_effect_upkeep_hobgoblins	faction_to_force_own	5.0	start_turn_completed
derpy_ic_office_scribes	wh_main_effect_agent_action_success_chance	faction_to_character_own	8.0	start_turn_completed
derpy_ic_vacant_scribes	wh_main_effect_agent_action_success_chance	faction_to_character_own	-4.0	start_turn_completed
derpy_ic_office_muster	wh_main_effect_force_all_campaign_recruitment_cost_all	faction_to_force_own	-8.0	start_turn_completed
derpy_ic_vacant_muster	wh_main_effect_force_all_campaign_recruitment_cost_all	faction_to_force_own	4.0	start_turn_completed
derpy_ic_office_banners	wh_main_effect_force_all_campaign_raid_income	faction_to_force_own	10.0	start_turn_completed
derpy_ic_vacant_banners	wh_main_effect_force_all_campaign_raid_income	faction_to_force_own	-5.0	start_turn_completed
derpy_ic_control_grip	wh_main_effect_public_order_faction	faction_to_province_own	6.0	start_turn_completed
derpy_ic_control_grip	wh_main_effect_economy_gdp_mod_all	faction_to_region_own	12.0	start_turn_completed
derpy_ic_control_grip	wh_main_effect_force_all_campaign_upkeep	faction_to_force_own	-15.0	start_turn_completed
derpy_ic_control_grip	wh3_dlc23_effect_pooled_resource_conclave_influence_mod_all_sources	faction_to_faction_own_unseen	5.0	start_turn_completed
derpy_ic_control_mastery	wh_main_effect_public_order_faction	faction_to_province_own	4.0	start_turn_completed
derpy_ic_control_mastery	wh_main_effect_economy_gdp_mod_all	faction_to_region_own	8.0	start_turn_completed
derpy_ic_control_mastery	wh_main_effect_force_all_campaign_upkeep	faction_to_force_own	-10.0	start_turn_completed
derpy_ic_control_command	wh_main_effect_public_order_faction	faction_to_province_own	2.0	start_turn_completed
derpy_ic_control_contested	wh_main_effect_public_order_faction	faction_to_province_own	-2.0	start_turn_completed
derpy_ic_control_contested	wh_main_effect_force_all_campaign_upkeep	faction_to_force_own	5.0	start_turn_completed
derpy_ic_control_lost	wh_main_effect_public_order_faction	faction_to_province_own	-8.0	start_turn_completed
derpy_ic_control_lost	wh_main_effect_force_all_campaign_upkeep	faction_to_force_own	20.0	start_turn_completed
derpy_ic_control_lost	wh_main_effect_economy_gdp_mod_all	faction_to_region_own	-15.0	start_turn_completed
derpy_ic_control_lost	wh3_dlc23_effect_pooled_resource_conclave_influence_mod_all_sources	faction_to_faction_own_unseen	-5.0	start_turn_completed
derpy_ic_doctrine_conclave	wh_main_effect_technology_research_rate_mod	faction_to_faction_own	5.0	start_turn_completed
derpy_ic_doctrine_priest	wh3_dlc23_effect_pooled_resource_conclave_influence_mod_all_sources	faction_to_faction_own_unseen	10.0	start_turn_completed
derpy_ic_doctrine_forge	wh3_dlc23_pooled_resource_chd_armaments_modifier	faction_to_region_own	10.0	start_turn_completed
derpy_ic_doctrine_legion	wh_main_effect_force_all_campaign_upkeep	faction_to_force_own	-5.0	start_turn_completed
derpy_ic_doctrine_chain	wh3_dlc23_effect_force_chd_campaign_post_battle_labour	faction_to_force_own	10.0	start_turn_completed
derpy_ic_doctrine_convoy	wh_main_effect_economy_gdp_mod_all	faction_to_region_own	5.0	start_turn_completed
derpy_ic_law_labour_lash	wh_main_effect_force_all_campaign_captives	faction_to_force_own_unseen	15.0	start_turn_completed
derpy_ic_law_labour_lash	wh3_dlc23_effect_rush_construction_cost	faction_to_province_own	-30.0	start_turn_completed
derpy_ic_law_labour_lash	wh3_dlc23_effect_force_stat_leadership_chd_labourers	faction_to_force_own	-4.0	start_turn_completed
derpy_ic_law_labour_kept	wh3_dlc23_effect_upkeep_chd_labourers	faction_to_force_own	-50.0	start_turn_completed
derpy_ic_law_labour_kept	wh3_dlc23_effect_recruitment_rank_chd_labourers	faction_to_force_own	2.0	start_turn_completed
derpy_ic_law_labour_kept	wh_main_effect_force_all_campaign_captives	faction_to_force_own_unseen	-10.0	start_turn_completed
derpy_ic_law_labour_quota	wh3_dlc23_pooled_resource_chd_workload_modifier	faction_to_province_own	-15.0	start_turn_completed
derpy_ic_law_labour_quota	wh3_dlc23_pooled_resources_chd_raw_materials_consumed_mod	faction_to_province_own	-15.0	start_turn_completed
derpy_ic_law_labour_quota	wh3_dlc23_effect_upkeep_chd_labourers	faction_to_force_own	25.0	start_turn_completed
derpy_ic_law_labour_ash	wh_main_effect_force_all_campaign_razing_income	faction_to_faction_own_unseen	25.0	start_turn_completed
derpy_ic_law_labour_ash	wh_main_effect_force_all_campaign_sacking_income	faction_to_faction_own_unseen	15.0	start_turn_completed
derpy_ic_law_labour_ash	wh_main_effect_force_all_campaign_captives	faction_to_force_own_unseen	-10.0	start_turn_completed
derpy_ic_law_tribute_roads	wh3_dlc23_effect_technology_chd_convoy_mod_active_convoys	faction_to_faction_own_unseen	1.0	start_turn_completed
derpy_ic_law_tribute_roads	wh3_main_effect_caravan_scouts	faction_to_character_own_unseen	-25.0	start_turn_completed
derpy_ic_law_tribute_roads	wh_main_effect_modify_vassal_income	faction_to_faction_own_unseen	-20.0	start_turn_completed
derpy_ic_law_tribute_tariff	wh3_dlc23_effect_chd_convoy_trade_tariff_scripted	faction_to_faction_own_unseen	5.0	start_turn_completed
derpy_ic_law_tribute_tariff	wh3_dlc23_effect_economy_gpd_manufacture	faction_to_region_own_unseen	10.0	start_turn_completed
derpy_ic_law_tribute_tariff	wh3_main_effect_caravan_cargo_value	faction_to_character_own_unseen	-10.0	start_turn_completed
derpy_ic_law_tribute_mines	wh_main_effect_technology_economy_gdp_mod_mining_dwarfs	faction_to_region_own_unseen	15.0	start_turn_completed
derpy_ic_law_tribute_mines	wh_main_effect_economy_trade_good_commodity_mod	faction_to_faction_own_unseen	10.0	start_turn_completed
derpy_ic_law_tribute_mines	wh3_main_effect_caravan_cargo_capacity	faction_to_character_own_unseen	-15.0	start_turn_completed
derpy_ic_law_tribute_charter	wh3_dlc23_faction_xp_increase_generals_chd_convoy_overseers	faction_to_faction_own	3.0	start_turn_completed
derpy_ic_law_tribute_charter	wh3_dlc23_effect_force_army_campaign_experience_chd_convoy_overseer_per_turn	faction_to_character_own_unseen	100.0	start_turn_completed
derpy_ic_law_tribute_charter	wh3_dlc23_faction_political_diplomacy_mod_chaos_dwarfs	faction_to_faction_own_unseen	-10.0	start_turn_completed
derpy_ic_law_worship_fires	wh3_dlc23_effect_pooled_resource_conclave_influence_mod_all_sources	faction_to_faction_own_unseen	10.0	start_turn_completed
derpy_ic_law_worship_fires	wh3_main_effect_corruption_chaos_adjacent_provinces	faction_to_province_own	1.0	start_turn_completed
derpy_ic_law_worship_fires	wh3_dlc23_effect_rush_construction_cost	faction_to_province_own	15.0	start_turn_completed
derpy_ic_law_worship_seats	wh3_dlc23_effect_toz_chd_conclave_influence_spent_slot_claimed_mod	faction_to_faction_own_unseen	-25.0	start_turn_completed
derpy_ic_law_worship_seats	wh3_dlc23_effect_pooled_resource_conclave_influence_mod_all_sources	faction_to_faction_own_unseen	-10.0	start_turn_completed
derpy_ic_law_worship_lore	wh3_dlc23_effect_ability_wom_cost_pct_lore_of_hashut_spells	faction_to_force_own	-10.0	start_turn_completed
derpy_ic_law_worship_lore	wh3_dlc23_effect_ability_cooldown_lore_of_hashut	faction_to_force_own	-10.0	start_turn_completed
derpy_ic_law_worship_lore	wh_main_effect_character_stat_miscast	faction_to_character_own	15.0	start_turn_completed
derpy_ic_law_worship_licence	wh3_dlc23_effect_physical_resist_chd_kdaai	faction_to_force_own_unseen	10.0	start_turn_completed
derpy_ic_law_worship_licence	wh3_dlc23_effect_building_construction_time_mod_chd_temple_of_hashut	faction_to_region_own_unseen	-1.0	start_turn_completed
derpy_ic_law_worship_licence	wh3_dlc23_effect_pooled_resource_conclave_influence_mod_all_sources	faction_to_faction_own_unseen	-10.0	start_turn_completed
derpy_ic_law_war_hellforge	wh3_dlc23_chd_ritual_unit_cap_cost_mod_all_toz	faction_to_faction_own_unseen	-10.0	start_turn_completed
derpy_ic_law_war_hellforge	wh3_dlc23_effect_chd_hellforge_cap_mod_all	faction_to_faction_own_unseen	1.0	start_turn_completed
derpy_ic_law_war_hellforge	wh3_dlc23_effect_force_recruit_cost_chd_chaos_dwarf_infantry	faction_to_force_own_unseen	10.0	start_turn_completed
derpy_ic_law_war_legions	wh3_dlc23_effect_force_recruit_rank_chd_chaos_dwarf_infantry	faction_to_force_own_unseen	1.0	start_turn_completed
derpy_ic_law_war_legions	wh3_dlc23_effect_force_recruit_cost_chd_chaos_dwarf_infantry	faction_to_force_own_unseen	-10.0	start_turn_completed
derpy_ic_law_war_legions	wh3_dlc23_effect_upkeep_chd_artillery_warmachines	faction_to_force_own	10.0	start_turn_completed
derpy_ic_law_war_grudge	wh3_dlc23_effect_xp_gain_increase_dwarfs	faction_to_force_own	100.0	start_turn_completed
derpy_ic_law_war_grudge	wh3_dlc23_effect_upkeep_cost_reduction_chd_labourer_hobgoblin_infantry	faction_to_force_own_unseen	10.0	start_turn_completed
derpy_ic_law_war_gunnery	wh3_dlc23_effect_force_stat_explosive_damage_chd_artillery	faction_to_force_own_unseen	10.0	start_turn_completed
derpy_ic_law_war_gunnery	wh3_dlc23_effect_force_stat_range_chd_artillery	faction_to_force_own_unseen	5.0	start_turn_completed
derpy_ic_law_war_gunnery	wh3_dlc23_effect_recruitment_cost_chd_ranged	faction_to_province_own	15.0	start_turn_completed
derpy_ic_gov_base	wh_main_effect_public_order_faction	faction_to_province_own	2.0	start_turn_completed
derpy_ic_gov_base	wh3_dlc23_pooled_resource_chd_workload_modifier	faction_to_province_own	-5.0	start_turn_completed
derpy_ic_gov_house_crown	wh_main_effect_public_order_faction	faction_to_province_own	4.0	start_turn_completed
derpy_ic_gov_house_temple	wh3_dlc23_effect_public_order_slaves	faction_to_province_own	3.0	start_turn_completed
derpy_ic_gov_house_forge	wh3_dlc23_pooled_resource_chd_armaments_modifier	faction_to_region_own	6.0	start_turn_completed
derpy_ic_gov_house_chain	wh3_dlc23_effect_force_chd_campaign_post_battle_labour	faction_to_force_own	10.0	start_turn_completed
derpy_ic_gov_house_legion	wh_main_effect_force_all_campaign_upkeep	faction_to_force_own	-6.0	start_turn_completed
derpy_ic_gov_house_ledger	wh_main_effect_economy_gdp_mod_all	faction_to_region_own	6.0	start_turn_completed
derpy_ic_gov_house_tower	wh_main_effect_technology_research_rate_mod	faction_to_faction_own	5.0	start_turn_completed
derpy_ic_gov_house_road	wh_main_effect_force_all_campaign_movement_range	faction_to_force_own	4.0	start_turn_completed
derpy_ic_gov_house_hearth	wh_main_effect_force_all_campaign_replenishment_rate	faction_to_force_own	8.0	start_turn_completed
derpy_ic_envoy_ctl	wh_main_effect_public_order_edict	province_to_province_own_unseen	6.0	start_turn_completed
derpy_ic_envoy_arm	wh3_dlc23_pooled_resource_chd_armaments_modifier	province_to_province_own_unseen	20.0	start_turn_completed
derpy_ic_envoy_raw	wh3_dlc23_pooled_resource_chd_raw_material_efficiency	province_to_province_own_unseen	20.0	start_turn_completed
derpy_ic_envoy_lab	wh3_dlc23_pooled_resource_chd_increased_labour_loss	province_to_province_own_unseen	-15.0	start_turn_completed
derpy_ic_office_dwf_priest	wh_main_effect_public_order_faction	faction_to_province_own	6.0	start_turn_completed
derpy_ic_office_dwf_priest	wh_main_effect_economy_gdp_mod_all	faction_to_region_own	12.0	start_turn_completed
derpy_ic_vacant_dwf_priest	wh_main_effect_public_order_faction	faction_to_province_own	-6.0	start_turn_completed
derpy_ic_office_dwf_forge	wh2_dlc17_pooled_resource_oathgold_buildings_mod	faction_to_faction_own_unseen	15.0	start_turn_completed
derpy_ic_office_dwf_forge	wh3_dlc29_pooled_resource_oathgold_all_crafting_mod	faction_to_faction_own_unseen	-12.0	start_turn_completed
derpy_ic_vacant_dwf_forge	wh2_dlc17_pooled_resource_oathgold_buildings_mod	faction_to_faction_own_unseen	-6.0	start_turn_completed
derpy_ic_office_dwf_ledger	wh_main_effect_economy_gdp_mod_all	faction_to_region_own	12.0	start_turn_completed
derpy_ic_vacant_dwf_ledger	wh_main_effect_economy_gdp_mod_all	faction_to_region_own	-6.0	start_turn_completed
derpy_ic_office_dwf_warden	wh_main_effect_force_all_campaign_upkeep	faction_to_force_own	-10.0	start_turn_completed
derpy_ic_office_dwf_warden	wh_main_effect_force_all_campaign_replenishment_rate	faction_to_force_own	10.0	start_turn_completed
derpy_ic_vacant_dwf_warden	wh_main_effect_public_order_faction	faction_to_province_own	-4.0	start_turn_completed
derpy_ic_office_dwf_hand	wh3_dlc25_effect_dwf_book_of_grudges_increase_requirements	faction_to_faction_own_unseen	-10.0	start_turn_completed
derpy_ic_vacant_dwf_hand	wh3_dlc25_effect_dwf_book_of_grudges_increase_requirements	faction_to_faction_own_unseen	4.0	start_turn_completed
derpy_ic_office_dwf_roads	wh_main_effect_force_all_campaign_movement_range	faction_to_force_own	8.0	start_turn_completed
derpy_ic_vacant_dwf_roads	wh_main_effect_force_all_campaign_movement_range	faction_to_force_own	-4.0	start_turn_completed
derpy_ic_office_dwf_chains	wh_main_effect_technology_economy_gdp_mod_mining_dwarfs	faction_to_region_own_unseen	15.0	start_turn_completed
derpy_ic_vacant_dwf_chains	wh_main_effect_technology_economy_gdp_mod_mining_dwarfs	faction_to_region_own_unseen	-6.0	start_turn_completed
derpy_ic_office_dwf_pits	wh_main_effect_force_all_campaign_post_battle_loot_mod	faction_to_faction_own_unseen	24.0	start_turn_completed
derpy_ic_vacant_dwf_pits	wh_main_effect_force_all_campaign_post_battle_loot_mod	faction_to_faction_own_unseen	-10.0	start_turn_completed
derpy_ic_office_dwf_quarry	wh_main_effect_building_construction_cost_mod_all	faction_to_region_own	-9.0	start_turn_completed
derpy_ic_vacant_dwf_quarry	wh_main_effect_building_construction_cost_mod_all	faction_to_region_own	4.0	start_turn_completed
derpy_ic_office_dwf_muster	wh_main_effect_force_all_campaign_recruitment_cost_all	faction_to_force_own	-12.0	start_turn_completed
derpy_ic_vacant_dwf_muster	wh_main_effect_force_all_campaign_recruitment_cost_all	faction_to_force_own	6.0	start_turn_completed
derpy_ic_office_dwf_kilns	wh_main_effect_technology_economy_gdp_mod_culture_dwarfs	faction_to_region_own_unseen	8.0	start_turn_completed
derpy_ic_vacant_dwf_kilns	wh_main_effect_technology_economy_gdp_mod_culture_dwarfs	faction_to_region_own_unseen	-4.0	start_turn_completed
derpy_ic_office_dwf_fields	wh_main_effect_province_growth_tech	faction_to_province_own_unseen	5.0	start_turn_completed
derpy_ic_vacant_dwf_fields	wh_main_effect_province_growth_tech	faction_to_province_own_unseen	-2.0	start_turn_completed
derpy_ic_office_dwf_scribes	wh_main_effect_technology_research_rate_mod	faction_to_faction_own	5.0	start_turn_completed
derpy_ic_vacant_dwf_scribes	wh_main_effect_technology_research_rate_mod	faction_to_faction_own	-2.0	start_turn_completed
derpy_ic_office_dwf_banners	wh3_dlc25_effect_recruitment_cost_grudge_settlers	faction_to_force_own_unseen	-10.0	start_turn_completed
derpy_ic_vacant_dwf_banners	wh3_dlc25_effect_recruitment_cost_grudge_settlers	faction_to_force_own_unseen	5.0	start_turn_completed
derpy_ic_control_dwf_grip	wh_main_effect_public_order_faction	faction_to_province_own	6.0	start_turn_completed
derpy_ic_control_dwf_grip	wh_main_effect_economy_gdp_mod_all	faction_to_region_own	12.0	start_turn_completed
derpy_ic_control_dwf_grip	wh_main_effect_force_all_campaign_upkeep	faction_to_force_own	-15.0	start_turn_completed
derpy_ic_control_dwf_grip	wh2_dlc17_pooled_resource_oathgold_buildings_mod	faction_to_faction_own_unseen	5.0	start_turn_completed
derpy_ic_control_dwf_mastery	wh_main_effect_public_order_faction	faction_to_province_own	4.0	start_turn_completed
derpy_ic_control_dwf_mastery	wh_main_effect_economy_gdp_mod_all	faction_to_region_own	8.0	start_turn_completed
derpy_ic_control_dwf_mastery	wh_main_effect_force_all_campaign_upkeep	faction_to_force_own	-10.0	start_turn_completed
derpy_ic_control_dwf_command	wh_main_effect_public_order_faction	faction_to_province_own	2.0	start_turn_completed
derpy_ic_control_dwf_contested	wh_main_effect_public_order_faction	faction_to_province_own	-2.0	start_turn_completed
derpy_ic_control_dwf_contested	wh_main_effect_force_all_campaign_upkeep	faction_to_force_own	5.0	start_turn_completed
derpy_ic_control_dwf_lost	wh_main_effect_public_order_faction	faction_to_province_own	-8.0	start_turn_completed
derpy_ic_control_dwf_lost	wh_main_effect_force_all_campaign_upkeep	faction_to_force_own	20.0	start_turn_completed
derpy_ic_control_dwf_lost	wh_main_effect_economy_gdp_mod_all	faction_to_region_own	-15.0	start_turn_completed
derpy_ic_control_dwf_lost	wh2_dlc17_pooled_resource_oathgold_buildings_mod	faction_to_faction_own_unseen	-5.0	start_turn_completed
derpy_ic_doctrine_dwf_conclave	wh_main_effect_technology_research_rate_mod	faction_to_faction_own	5.0	start_turn_completed
derpy_ic_doctrine_dwf_priest	wh_main_effect_public_order_grudges	faction_to_province_own	2.0	start_turn_completed
derpy_ic_doctrine_dwf_forge	wh2_dlc17_pooled_resource_oathgold_buildings_mod	faction_to_faction_own_unseen	10.0	start_turn_completed
derpy_ic_doctrine_dwf_legion	wh_main_effect_force_all_campaign_upkeep	faction_to_force_own	-5.0	start_turn_completed
derpy_ic_doctrine_dwf_chain	wh3_dlc25_effect_recruitment_source_grudge_settlers	faction_to_faction_own_unseen	1.0	start_turn_completed
derpy_ic_doctrine_dwf_convoy	wh_main_effect_economy_trade_tariff_mod	faction_to_faction_own_unseen	10.0	start_turn_completed
derpy_ic_law_dwf_labour_lash	wh_main_effect_technology_economy_gdp_mod_mining_dwarfs	faction_to_region_own_unseen	15.0	start_turn_completed
derpy_ic_law_dwf_labour_lash	wh_main_effect_province_growth_tech	faction_to_province_own_unseen	-3.0	start_turn_completed
derpy_ic_law_dwf_labour_kept	wh_main_effect_province_growth_tech	faction_to_province_own_unseen	8.0	start_turn_completed
derpy_ic_law_dwf_labour_kept	wh_main_effect_technology_economy_gdp_mod_mining_dwarfs	faction_to_region_own_unseen	-10.0	start_turn_completed
derpy_ic_law_dwf_labour_quota	wh3_dlc29_pooled_resource_oathgold_all_crafting_mod	faction_to_faction_own_unseen	-15.0	start_turn_completed
derpy_ic_law_dwf_labour_quota	wh_main_effect_force_all_campaign_replenishment_rate	faction_to_force_own	-5.0	start_turn_completed
derpy_ic_law_dwf_labour_ash	wh_main_effect_building_construction_cost_mod_all	faction_to_region_own	-15.0	start_turn_completed
derpy_ic_law_dwf_labour_ash	wh_main_effect_economy_gdp_mod_all	faction_to_region_own	-5.0	start_turn_completed
derpy_ic_law_dwf_tribute_roads	wh_main_effect_economy_trade_tariff_mod	faction_to_faction_own_unseen	15.0	start_turn_completed
derpy_ic_law_dwf_tribute_roads	wh_main_effect_force_all_campaign_movement_range	faction_to_force_own	5.0	start_turn_completed
derpy_ic_law_dwf_tribute_roads	wh_main_effect_modify_vassal_income	faction_to_faction_own_unseen	-20.0	start_turn_completed
derpy_ic_law_dwf_tribute_tariff	wh_main_effect_economy_gdp_mod_all	faction_to_region_own	5.0	start_turn_completed
derpy_ic_law_dwf_tribute_tariff	wh_main_effect_economy_trade_tariff_mod	faction_to_faction_own_unseen	-10.0	start_turn_completed
derpy_ic_law_dwf_tribute_mines	wh2_dlc17_pooled_resource_oathgold_buildings_mod	faction_to_faction_own_unseen	15.0	start_turn_completed
derpy_ic_law_dwf_tribute_mines	wh_main_effect_force_all_campaign_movement_range	faction_to_force_own	-5.0	start_turn_completed
derpy_ic_law_dwf_tribute_charter	wh_main_effect_technology_economy_gdp_mod_culture_dwarfs	faction_to_region_own_unseen	15.0	start_turn_completed
derpy_ic_law_dwf_tribute_charter	wh_main_effect_economy_trade_good_commodity_mod	faction_to_faction_own_unseen	10.0	start_turn_completed
derpy_ic_law_dwf_tribute_charter	wh_main_effect_force_all_campaign_upkeep	faction_to_force_own	5.0	start_turn_completed
derpy_ic_law_dwf_worship_fires	wh_main_effect_public_order_grudges	faction_to_province_own	2.0	start_turn_completed
derpy_ic_law_dwf_worship_fires	wh_main_effect_province_growth_tech	faction_to_province_own_unseen	3.0	start_turn_completed
derpy_ic_law_dwf_worship_fires	wh_main_effect_technology_research_rate_mod	faction_to_faction_own	-5.0	start_turn_completed
derpy_ic_law_dwf_worship_seats	wh2_dlc17_pooled_resource_oathgold_runecrafting_mod	faction_to_faction_own_unseen	-15.0	start_turn_completed
derpy_ic_law_dwf_worship_seats	wh_main_effect_public_order_grudges	faction_to_province_own	-1.0	start_turn_completed
derpy_ic_law_dwf_worship_lore	wh_main_effect_technology_research_rate_mod	faction_to_faction_own	10.0	start_turn_completed
derpy_ic_law_dwf_worship_lore	wh_main_effect_province_growth_tech	faction_to_province_own_unseen	-3.0	start_turn_completed
derpy_ic_law_dwf_worship_licence	wh3_dlc29_pooled_resource_oathgold_all_crafting_mod	faction_to_faction_own_unseen	-10.0	start_turn_completed
derpy_ic_law_dwf_worship_licence	wh_main_effect_public_order_grudges	faction_to_province_own	-1.0	start_turn_completed
derpy_ic_law_dwf_war_grudge	wh3_dlc25_effect_recruitment_cost_grudge_settlers	faction_to_force_own_unseen	-15.0	start_turn_completed
derpy_ic_law_dwf_war_grudge	wh3_dlc25_effect_recruitment_source_grudge_settlers	faction_to_faction_own_unseen	1.0	start_turn_completed
derpy_ic_law_dwf_war_grudge	wh_main_effect_economy_gdp_mod_all	faction_to_region_own	-5.0	start_turn_completed
derpy_ic_law_dwf_war_hellforge	wh3_dlc25_effect_resource_upkeep_cost_reduction_dwf_arty_warmachines	faction_to_force_own	-10.0	start_turn_completed
derpy_ic_law_dwf_war_hellforge	wh2_dlc11_effect_force_stat_missile_damage_dwf_grudge_thrower_cannon_organ_gun	faction_to_force_own	5.0	start_turn_completed
derpy_ic_law_dwf_war_hellforge	wh_main_effect_force_army_campaign_recruitment_cost_infantry	faction_to_force_own_unseen	10.0	start_turn_completed
derpy_ic_law_dwf_war_legions	wh_main_effect_force_army_campaign_recruitment_cost_infantry	faction_to_force_own_unseen	-10.0	start_turn_completed
derpy_ic_law_dwf_war_legions	wh3_dlc25_effect_resource_upkeep_cost_reduction_dwf_arty_warmachines	faction_to_force_own	10.0	start_turn_completed
derpy_ic_law_dwf_war_gunnery	wh3_dlc25_effect_force_stat_range_dwf_thunderers_pirates	faction_to_force_own_unseen	10.0	start_turn_completed
derpy_ic_law_dwf_war_gunnery	wh3_dlc25_effect_force_recruit_rank_dwf_arty_warmachines	faction_to_force_own	1.0	start_turn_completed
derpy_ic_law_dwf_war_gunnery	wh_main_effect_force_all_campaign_recruitment_cost_all	faction_to_force_own	5.0	start_turn_completed
derpy_ic_gov_dwf_base	wh_main_effect_public_order_faction	faction_to_province_own	2.0	start_turn_completed
derpy_ic_gov_dwf_base	wh_main_effect_province_growth_building	faction_to_province_own	5.0	start_turn_completed
derpy_ic_gov_house_dwf_crown	wh_main_effect_public_order_faction	faction_to_province_own	4.0	start_turn_completed
derpy_ic_gov_house_dwf_temple	wh_main_effect_public_order_grudges	faction_to_province_own	3.0	start_turn_completed
derpy_ic_gov_house_dwf_forge	wh2_dlc17_pooled_resource_oathgold_buildings_mod	faction_to_faction_own_unseen	6.0	start_turn_completed
derpy_ic_gov_house_dwf_chain	wh_main_effect_force_all_campaign_post_battle_loot_mod	faction_to_faction_own_unseen	10.0	start_turn_completed
derpy_ic_gov_house_dwf_legion	wh_main_effect_force_all_campaign_upkeep	faction_to_force_own	-6.0	start_turn_completed
derpy_ic_gov_house_dwf_ledger	wh_main_effect_economy_gdp_mod_all	faction_to_region_own	6.0	start_turn_completed
derpy_ic_gov_house_dwf_tower	wh_main_effect_technology_research_rate_mod	faction_to_faction_own	5.0	start_turn_completed
derpy_ic_gov_house_dwf_road	wh_main_effect_force_all_campaign_movement_range	faction_to_force_own	4.0	start_turn_completed
derpy_ic_gov_house_dwf_hearth	wh_main_effect_force_all_campaign_replenishment_rate	faction_to_force_own	8.0	start_turn_completed
derpy_ic_envoy_dwf_ctl	wh_main_effect_public_order_edict	province_to_province_own_unseen	6.0	start_turn_completed
derpy_ic_envoy_dwf_oath	wh2_dlc17_pooled_resource_oathgold_buildings_mod	province_to_region_own_unseen	20.0	start_turn_completed
derpy_ic_envoy_dwf_grow	wh_main_effect_province_growth_commandment	province_to_province_own_unseen	5.0	start_turn_completed
derpy_ic_envoy_dwf_rec	wh_main_effect_force_all_campaign_recruitment_cost_all	province_to_province_own_unseen	-15.0	start_turn_completed
