key	localised_description	localised_title	bundle_target	priority	ui_icon	is_global_effect	show_in_3d_space	owner_only
#effect_bundles_tables;4;db/effect_bundles_tables/derpy_iron_court								
derpy_ic_office_priest	The Father of Darkness is served loudly, and the people are quiet.	High Priest of Hashut	faction	1	chd_conclave_influence.png	true	false	true
derpy_ic_vacant_priest	The temples stand unattended and the sermons go unsaid.	High Priest of Hashut (Vacant)	faction	1	chd_conclave_influence.png	true	false	true
derpy_ic_office_forge	The forges of Zharr-Naggrund answer to one voice, and it is his.	Grand Overseer of the Forge	faction	1	chd_conclave_influence.png	true	false	true
derpy_ic_vacant_forge	No hand guides the forges. Output slips and no one is blamed.	Grand Overseer of the Forge (Vacant)	faction	1	chd_conclave_influence.png	true	false	true
derpy_ic_office_ledger	Every debt in the Dark Lands is written down, and he holds the book.	Keeper of the Black Ledger	faction	1	chd_conclave_influence.png	true	false	true
derpy_ic_vacant_ledger	The books go unbalanced and the tribute arrives light.	Keeper of the Black Ledger (Vacant)	faction	1	chd_conclave_influence.png	true	false	true
derpy_ic_office_warden	The outer holds are watched, and the watchers are paid on time.	Warden of the Marches	faction	1	chd_conclave_influence.png	true	false	true
derpy_ic_vacant_warden	The marches keep themselves, badly and at their own expense.	Warden of the Marches (Vacant)	faction	1	chd_conclave_influence.png	true	false	true
derpy_ic_office_hand	He carries the Sorcerer-Prophets' word down the Tower, unaltered.	Hand of the Tower	faction	1	chd_conclave_influence.png	true	false	true
derpy_ic_vacant_hand	The Tower's word arrives late, and altered on the way.	Hand of the Tower (Vacant)	faction	1	chd_conclave_influence.png	true	false	true
derpy_ic_office_chains	He counts the work gangs, and the gangs know he counts them.	Keeper of the Chains	faction	1	chd_conclave_influence.png	true	false	true
derpy_ic_vacant_chains	Uncounted, the work gangs move at their own pace.	Keeper of the Chains (Vacant)	faction	1	chd_conclave_influence.png	true	false	true
derpy_ic_office_pits	What comes back from a battlefield is his to sort and his to sell.	Master of the Pits	faction	1	chd_conclave_influence.png	true	false	true
derpy_ic_vacant_pits	The spoils are picked over by whoever reaches them first.	Master of the Pits (Vacant)	faction	1	chd_conclave_influence.png	true	false	true
derpy_ic_office_quarry	The black rock comes up faster when somebody is counting the carts.	Master of the Quarries	faction	1	chd_conclave_influence.png	true	false	true
derpy_ic_vacant_quarry	The quarries run at the pace of the laziest overseer in them.	Master of the Quarries (Vacant)	faction	1	chd_conclave_influence.png	true	false	true
derpy_ic_office_roads	The roads out of Zharr are his, and they are quicker than they were.	Warden of the Caravan Roads	faction	1	chd_conclave_influence.png	true	false	true
derpy_ic_vacant_roads	The roads are unwatched, and the caravans take the long way round.	Warden of the Caravan Roads (Vacant)	faction	1	chd_conclave_influence.png	true	false	true
derpy_ic_office_kilns	Brick and slag leave his kilns cheaper than anyone can explain.	Keeper of the Kilns	faction	1	chd_conclave_influence.png	true	false	true
derpy_ic_vacant_kilns	The kilns burn on unwatched, and the bill still arrives.	Keeper of the Kilns (Vacant)	faction	1	chd_conclave_influence.png	true	false	true
derpy_ic_office_fields	The hobgoblin tribes that work the ash fields march cheap for whoever feeds them.	Steward of the Ash Fields	faction	1	chd_conclave_influence.png	true	false	true
derpy_ic_vacant_fields	The ash fields go untended, and the hobgoblins want more to march.	Steward of the Ash Fields (Vacant)	faction	1	chd_conclave_influence.png	true	false	true
derpy_ic_office_scribes	His clerks know which door to knock on, and when.	Master of the Scribes	faction	1	chd_conclave_influence.png	true	false	true
derpy_ic_vacant_scribes	The clerks knock on the wrong doors and are turned away.	Master of the Scribes (Vacant)	faction	1	chd_conclave_influence.png	true	false	true
derpy_ic_office_muster	He knows what a warrior costs, and he pays no more than that.	Warden of the Muster	faction	1	chd_conclave_influence.png	true	false	true
derpy_ic_vacant_muster	Every company is hired at whatever it asks for.	Warden of the Muster (Vacant)	faction	1	chd_conclave_influence.png	true	false	true
derpy_ic_office_banners	Raiding is an accounting exercise, and he keeps the account.	Keeper of the Banners	faction	1	chd_conclave_influence.png	true	false	true
derpy_ic_vacant_banners	The raiders keep their own accounts, and most of the takings.	Keeper of the Banners (Vacant)	faction	1	chd_conclave_influence.png	true	false	true
derpy_ic_control_grip	Nothing moves in Zharr-Naggrund that the Crown did not set moving.	An Iron Grip on the Court	faction	1	chd_conclave_influence.png	true	false	true
derpy_ic_control_mastery	The parties argue, and then they do as they are told.	Master of the Court	faction	1	chd_conclave_influence.png	true	false	true
derpy_ic_control_command	The Crown is first among the parties, and no more than first.	In Command of the Court	faction	1	chd_conclave_influence.png	true	false	true
derpy_ic_control_contested	No decree passes without a bargain struck.	A Contested Court	faction	1	chd_conclave_influence.png	true	false	true
derpy_ic_control_lost	The parties rule and the Crown is consulted, when there is time.	The Court Is Not Yours	faction	1	chd_conclave_influence.png	true	false	true
derpy_ic_doctrine_conclave	No one rules Zharr-Naggrund. Its Sorcerer-Prophets sit in council.	The Conclave	faction	1	dlc23_region_action_gift_zhar.png	true	false	true
derpy_ic_doctrine_priest	The eldest voice is the strongest, and it speaks for Hashut.	Rule of the High Priest	faction	1	chd_toz_district_sorcery.png	true	false	true
derpy_ic_doctrine_forge	The priest-artificers rule from the forges.	Rule of the Daemonsmiths	faction	1	chd_hellforge.png	true	false	true
derpy_ic_doctrine_legion	Rank in the court is won in the field.	Command of the Legion	faction	1	chd_toz_district_military.png	true	false	true
derpy_ic_doctrine_chain	Fear holds the court as the chain holds the slave.	Rule of the Slave-Lords	faction	1	chd_labour.png	true	false	true
derpy_ic_doctrine_convoy	Everything in the Dark Lands has a price.	The Convoy Concern	faction	1	dlc23_region_action_sell_labour.png	true	false	true
derpy_ic_law_labour_measure	The overseers work the stock as they always have.	The Measure	faction	1	chd_workload.png	true	false	true
derpy_ic_law_labour_lash	More are taken and they are driven hard, and they break.	The Lash	faction	1	dlc23_region_action_set_example.png	true	false	true
derpy_ic_law_labour_kept	The stock is fed and kept, and fewer are taken.	The Kept Stock	faction	1	slaves.png	true	false	true
derpy_ic_law_labour_quota	Every forge has its quota, and the stock pays for it.	The Furnace Quota	faction	1	wh3_dlc23_edict_chd_higher_quotas.png	true	false	true
derpy_ic_law_labour_ash	What cannot be held is burned, and its people with it.	The Ash Harvest	faction	1	wh3_dlc23_edict_chd_smoke_stacks.png	true	false	true
derpy_ic_law_tribute_tithe	The Crown takes its tithe, as it always has.	The Crown's Tithe	faction	1	edict_collect_tribute.png	true	false	true
derpy_ic_law_tribute_roads	The roads are opened to more convoys, and the vassals pay less.	Open Roads	faction	1	convoy_icon.png	true	false	true
derpy_ic_law_tribute_tariff	Every route pays the Ledger, and the cargo is worth less.	The Ledger's Tariff	faction	1	trade_agreement.png	true	false	true
derpy_ic_law_tribute_mines	The mines come first, and the convoys carry less.	The Mines Before All	faction	1	chd_raw_materials.png	true	false	true
derpy_ic_law_tribute_charter	The convoy overseers are chartered, and the other houses resent it.	The Overseers' Charter	faction	1	wh3_dlc23_edict_chd_architects.png	true	false	true
derpy_ic_law_worship_rites	The rites are kept, as they always have been.	The Rites Kept	faction	1	chd_conclave_influence.png	true	false	true
derpy_ic_law_worship_fires	Hashut's fires are fed without stint, and building waits on them.	The Fires Fed	faction	1	wh3_dlc23_unit_passive_burning_bright.png	true	false	true
derpy_ic_law_worship_seats	Seats in the Tower are sold, and the priests' favour cools.	Seats Bought in the Tower	faction	1	chd_toz_tier.png	true	false	true
derpy_ic_law_worship_lore	The Lore of Hashut is taught more widely, and more carelessly.	The Lore Taught	faction	1	loremaster.png	true	false	true
derpy_ic_law_worship_licence	The Daemonsmiths are licensed, and the priests resent it.	The Daemonsmiths' Licence	faction	1	hellforged.png	true	false	true
derpy_ic_law_war_levy	The levy is raised as it always has been.	The Levy	faction	1	edict_levy_conscripts.png	true	false	true
derpy_ic_law_war_hellforge	The Hell-Forge works without leave, and the infantry pays for it.	The Hell-Forge Unbound	faction	1	chd_armaments.png	true	false	true
derpy_ic_law_war_legions	The legions stand ready, and the guns wait.	Standing Legions	faction	1	chd_toz_district_t3_military.png	true	false	true
derpy_ic_law_war_grudge	The old grudge against the Dwarfs is fed, and the labour pays for it.	The Old Grudge	faction	1	wh3_dlc23_unit_passive_oath_of_contempt.png	true	false	true
derpy_ic_law_war_gunnery	The guns come first, and every shooter costs more.	The Gunnery Doctrine	faction	1	artillery.png	true	false	true
derpy_ic_gov_base	A governor of the court sits here, and the province knows it.	Governor of the Province	faction	1	chd_conclave_influence.png	true	false	true
derpy_ic_gov_house_crown	Your own men hold it, and they are watched.	Governor: The Crown	faction	1	chd_conclave_influence.png	true	false	true
derpy_ic_gov_house_temple	The temples take the province in hand and it grows for Hashut.	Governor: The Priesthood	faction	1	chd_conclave_influence.png	true	false	true
derpy_ic_gov_house_forge	Forge-guild overseers run the province like a workshop floor.	Governor: The Forge	faction	1	chd_conclave_influence.png	true	false	true
derpy_ic_gov_house_chain	The slavers work the province to the bone and account for every hour.	Governor: The Chain	faction	1	chd_conclave_influence.png	true	false	true
derpy_ic_gov_house_legion	A garrison town under a soldier costs less to keep than it should.	Governor: The Legion	faction	1	chd_conclave_influence.png	true	false	true
derpy_ic_gov_house_ledger	Brokers keep the province's books, and the tribute arrives whole.	Governor: The Ledger	faction	1	chd_conclave_influence.png	true	false	true
derpy_ic_gov_house_tower	Tower clerks read everything that passes through, and pass it on.	Governor: The Tower	faction	1	chd_conclave_influence.png	true	false	true
derpy_ic_gov_house_road	The caravan men keep the roads open whatever the season.	Governor: The Road	faction	1	chd_conclave_influence.png	true	false	true
derpy_ic_gov_house_hearth	The old clans hold it, and men come back to the muster faster.	Governor: The Hearth	faction	1	chd_conclave_influence.png	true	false	true
derpy_ic_envoy_ctl	An envoy of the court is keeping order here.	Envoy: Control	province	1	wh3_dlc23_edict_chd_smoke_stacks.png	true	false	true
derpy_ic_envoy_arm	An envoy of the court is driving the forges here.	Envoy: Armaments	province	1	wh3_dlc23_edict_chd_higher_quotas.png	true	false	true
derpy_ic_envoy_raw	An envoy of the court is driving the mines here harder.	Envoy: Raw Materials	province	1	chd_toz_district_industry.png	true	false	true
derpy_ic_envoy_lab	An envoy of the court is seeing that fewer Labourers are worked to death here.	Envoy: Labour	province	1	public_order_jubilant.png	true	false	true
